金士顿 U盘 128gu盘 移动U盘3.0 128g高速 正品优盘 学生正版∪盘,129.90元,6500+人付款,kingston金士顿旗舰店
联想小新X1U盘32g金属大容量usb3.0便携商务办公车载正品优盘,35.90元,3101人付款,联想官方旗舰店
兰科芯32g U盘 USB 3.0高速版移动优盘 定制刻字LOGO正品正版金属旋转车载学生 招投标会议礼品专用32G,26.90元,897人付款,兰科芯旗舰店
兰科芯U盘64GUSB3.0高速u盘64g优盘个性刻字金属企业礼品定制LOGO,49.90元,21人付款,兰科芯旗舰店
【官方正版】台电u盘64G 定制logo刻字创意可爱卡通优盘 高速女生学生个性移动优盘小加密正品电脑两用大容量,34.90元,5000+人付款,台电融创宏图专卖店
东芝u盘64g 高速USB3.0 迷你小优盘隐形可爱金属防水汽车载u盘学生电脑两用优盘 正品64g正版∪盘,55.90元,1145人付款,东芝赞恩专卖店
兰科芯3.0固态高速U盘32g刻字定制USB正品电脑车载两用版移动优盘金属订制图案logo会议投标加密防水男女学生,26.90元,4052人付款,兰科芯壹际专卖店
金士顿 U盘 256gu盘 移动U盘3.0 256g高速 正品优盘 学生正版∪盘,299.00元,597人付款,kingston金士顿旗舰店
闪迪U盘128g USB3.1固态闪存盘CZ880商务加密高速金属u盘128g优盘,359.00元,1348人付款,sandisk闪迪旗舰店
SanDisk闪迪u盘128g正品版高速usb3.0金属U盘加密电脑优盘学生U盘,149.90元,5000+人付款,sandisk闪迪旗舰店
固态 U盘 2TB 2000GB 高端土豪 Win To Go USB3.1 CHIPFANCIER 2T,2460.00元,15人付款,chipfancier旗舰店
小米USB3.0 U盘64GB高速优盘金属便携学生办公电脑U盘,79.00元,3286人付款,小米官方旗舰店
爱国者U盘128gu盘高速USB3.0正版创意金属旋转车载学生优盘定制,89.90元,4266人付款,aigo爱国者旗舰店
金士顿128GB U盘USB3.0 DTSE9G2 金属银色亮薄优盘 时尚无盖u盘,161.00元,261人付款,苏宁易购官方旗舰店
爱国者U盘128g金属旋转电脑 U盘 3.0 高速 传输 U330车载U盘,89.90元,201人付款,苏宁易购官方旗舰店
爱国者U盘64g正版创意高速USB3.0 金属商务旋转车载学生U盘优盘,48.90元,6000+人付款,aigo爱国者旗舰店
忆捷指纹加密U盘32G数据安全保护USB3.0闪存盘指纹识别U盘加密码,198.00元,528人付款,eaget忆捷旗舰店
闪迪（SanDisk)USB3.0 U盘64GB 优盘CZ48至尊高速,69.90元,448人付款,天猫超市
闪迪128GB优盘至尊高速 USB3.1Type-C手机电脑两用,169.00元,144人付款,天猫超市
hp惠普u盘32g/64g/128g学生usb3.1少女生创意个性可爱卡通迷你系统3.0优盘,54.90元,1818人付款,惠普中国官方旗舰店
机械师U盘128G高速版台式机笔记本电脑USB 3.0接口小巧大容量车载迷你正版移动学生可爱优盘正品,139.00元,13人付款,machenike旗舰店
HP惠普U盘32g/64g/128g金属USB3.1高速车载系统学生3.0商务优盘正品,39.90元,7500+人付款,惠普中国官方旗舰店
苹果手机u盘128g电脑两用安卓type-c双头接口三用iPhone外接内存扩容ipad外置双用优盘usb插适用华为小米vivo,189.00元,826人付款,钜基数码专营店
爱国者固态u盘1t高速USB3.1正品ssd移动固态256g大容量u盘512gb正版type-c手机电脑两用128g优盘500g/3.0 64g,139.00元,1401人付款,爱国者协本专卖店
固态U盘 1TB 纯金属 SM2258H 3D TLC Win To Go USB3.1 GEN2 WTG,1260.00元,40人付款,chipfancier旗舰店
金士顿u盘128gb内存高速USB3.0商务DT100学生办公手机移动电脑两用系统气车载正品金斯顿旗舰店官方正版优盘,118.90元,1552人付款,金士顿荣鑫达专卖店
联想小新256GU盘X3 USB3.1高速闪存盘属旋转车载优盘正版商务U盘,209.00元,159人付款,联想官方旗舰店
闪迪USB3.0 U盘CZ93酷循128GB内含安全加密软件,169.00元,48人付款,天猫超市
128G苹果手机u盘256电脑两用安卓双头iPhone外接type-c适华为小米vivo32G内存ipad三用高速USB3.0外置64g优盘,69.00元,3007人付款,卡贝顿旗舰店
高速版苹果u盘128g手机电脑两用安卓iphone外置内存ipad扩容器三用otg华为双接口专用type-c双头usb移动优盘,189.00元,946人付款,快奔旗舰店
金士顿u盘64gb内存高速USB3.0商务DT100学生办公手机移动电脑两用系统气车载正品金斯顿旗舰店官方正版优盘,57.90元,4571人付款,金士顿荣鑫达专卖店
柯达u盘256g正版高速usb3.0大容量128g移动女学生个性创意存储金属三星优盘男256gb正品定制刻字电脑250g,79.00元,2139人付款,柯达独创专卖店
【官方正品】u盘128g大容量学生手机电脑两用正版32g优盘华为手机typec高速创意双用车载防水定制logo刻字,21.00元,2.0万+人付款,多纳拉旗舰店
华为旗下荣耀亲选双接口手机u盘高速电脑安卓3264内存扩容迷你typ,79.00元,603人付款,荣耀官方旗舰店
苹果手机u盘128g电脑type-c三用256g两用优盘64g安卓双头多接口四合一iPhone外接置内存可插ipad适用华为oppo,138.00元,840人付款,首雅旗舰店
【官方正版】夏科u盘256g 金属防水USB3.0高速优盘创意定制logo刻字可爱男女学生电脑两用移动大容量upan128g,139.00元,731人付款,夏科数码旗舰店
爱国者ssd固态u盘256g正版高速USB3.1移动固态u盘1tb优盘1t正品512g大容量typec固态128g固态移动硬盘500g,159.00元,424人付款,爱国者力挺专卖店
coolfish 固态U盘1t优盘512gb大容量typec手机电脑两用128g移动硬盘固态500g创意高速256g迷你定制usb3.1,138.00元,249人付款,coolfish旗舰店
u盘32g高速手机电脑两用可爱女生车载移动加密优盘大容量16g64g,16.90元,7.0万+人付款,天天特卖工厂店
三星U盘128g高速3.1车用汽车载手机电脑两用128GB定制刻字U盘移动usb优盘双用正品防水大容量正版3.0接口,155.00元,465人付款,三星金邦顺达专卖店
爱国者ssd固态u盘1tb高速USB3.1固态移动u盘1t 512g大容量256g双接口type-c手机电脑两用500g优盘3.0正品128g,189.00元,94人付款,爱国者力挺专卖店
闪迪 U盘128G 迷你金属U盘 USB3.1高速 定制手机电脑两用车载优盘 CZ74 256G 加密闪存盘 SanDisk旗舰店正品,135.00元,500人付款,闪迪亚百专卖店
闪迪（SanDisk）酷晶 金属迷你创意U盘CZ71 32GB优盘,49.80元,270人付款,天猫超市
得力3720 U盘8G 旋转迷你U盘 高速存储USB2.0 快速流畅移动存储,49.00元,207人付款,得力官方旗舰店
车载u盘高音质车用带最新歌曲高品质嗨歌2020最新歌网络最新mp4听,28.00元,169人付款,西狂旗舰店
